{
    "$schema": "https://schema.management.azure.com/schemas/2015-01-01/deploymentParameters.json#",
    "contentVersion": "1.0.0.0",
    "parameters": {
        "factoryName": {
            "value": "libao"
        },
        "AzureBlobStorage1_connectionString": {
            "value": ""
        },
        "AzureSqlDatabase1_properties_typeProperties_server": {
            "value": "capstone-mn8.database.windows.net"
        },
        "AzureSqlDatabase1_properties_typeProperties_database": {
            "value": "mn8_data"
        },
        "AzureSqlDatabase2_properties_typeProperties_server": {
            "value": "capstone-mn8.database.windows.net"
        },
        "AzureSqlDatabase2_properties_typeProperties_database": {
            "value": "mn8_data"
        }
    }
}