{
    "$schema": "http://schema.management.azure.com/schemas/2015-01-01/deploymentTemplate.json#",
    "contentVersion": "1.0.0.0",
    "parameters": {
        "factoryName": {
            "type": "string",
            "metadata": "Data Factory 名稱",
            "defaultValue": "libao"
        },
        "AzureBlobStorage1_connectionString": {
            "type": "secureString",
            "metadata": "'AzureBlobStorage1' 的 'connectionString' 安全字串"
        },
        "AzureSqlDatabase1_properties_typeProperties_server": {
            "type": "string",
            "defaultValue": "capstone-mn8.database.windows.net"
        },
        "AzureSqlDatabase1_properties_typeProperties_database": {
            "type": "string",
            "defaultValue": "mn8_data"
        },
        "AzureSqlDatabase2_properties_typeProperties_server": {
            "type": "string",
            "defaultValue": "capstone-mn8.database.windows.net"
        },
        "AzureSqlDatabase2_properties_typeProperties_database": {
            "type": "string",
            "defaultValue": "mn8_data"
        }
    },
    "variables": {
        "factoryId": "[concat('Microsoft.DataFactory/factories/', parameters('factoryName'))]"
    },
    "resources": [
        {
            "name": "[concat(parameters('factoryName'), '/AzureBlobStorage1')]",
            "type": "Microsoft.DataFactory/factories/linkedServices",
            "apiVersion": "2018-06-01",
            "properties": {
                "annotations": [],
                "type": "AzureBlobStorage",
                "typeProperties": {
                    "connectionString": "[parameters('AzureBlobStorage1_connectionString')]"
                }
            },
            "dependsOn": []
        },
        {
            "name": "[concat(parameters('factoryName'), '/AzureSqlDatabase1')]",
            "type": "Microsoft.DataFactory/factories/linkedServices",
            "apiVersion": "2018-06-01",
            "properties": {
                "annotations": [],
                "type": "AzureSqlDatabase",
                "typeProperties": {
                    "server": "[parameters('AzureSqlDatabase1_properties_typeProperties_server')]",
                    "database": "[parameters('AzureSqlDatabase1_properties_typeProperties_database')]",
                    "encrypt": "mandatory",
                    "trustServerCertificate": false,
                    "authenticationType": "SystemAssignedManagedIdentity"
                }
            },
            "dependsOn": []
        },
        {
            "name": "[concat(parameters('factoryName'), '/AzureSqlDatabase2')]",
            "type": "Microsoft.DataFactory/factories/linkedServices",
            "apiVersion": "2018-06-01",
            "properties": {
                "annotations": [],
                "type": "AzureSqlDatabase",
                "typeProperties": {
                    "server": "[parameters('AzureSqlDatabase2_properties_typeProperties_server')]",
                    "database": "[parameters('AzureSqlDatabase2_properties_typeProperties_database')]",
                    "encrypt": "mandatory",
                    "trustServerCertificate": false,
                    "authenticationType": "SystemAssignedManagedIdentity"
                }
            },
            "dependsOn": []
        },
        {
            "name": "[concat(parameters('factoryName'), '/AzureSqlTable1')]",
            "type": "Microsoft.DataFactory/factories/datasets",
            "apiVersion": "2018-06-01",
            "properties": {
                "linkedServiceName": {
                    "referenceName": "AzureSqlDatabase1",
                    "type": "LinkedServiceReference"
                },
                "annotations": [],
                "type": "AzureSqlTable",
                "schema": [
                    {
                        "name": "record_id",
                        "type": "bigint",
                        "precision": 19
                    },
                    {
                        "name": "device_id",
                        "type": "varchar"
                    },
                    {
                        "name": "device_name",
                        "type": "varchar"
                    },
                    {
                        "name": "device_type",
                        "type": "varchar"
                    },
                    {
                        "name": "site_id",
                        "type": "varchar"
                    },
                    {
                        "name": "site_name",
                        "type": "varchar"
                    },
                    {
                        "name": "site_ac_capacity",
                        "type": "float",
                        "precision": 15
                    },
                    {
                        "name": "event_utc_time",
                        "type": "datetime2",
                        "scale": 7
                    },
                    {
                        "name": "event_local_time",
                        "type": "datetime2",
                        "scale": 7
                    },
                    {
                        "name": "metric",
                        "type": "varchar"
                    },
                    {
                        "name": "value",
                        "type": "float",
                        "precision": 15
                    }
                ],
                "typeProperties": {
                    "schema": "dbo",
                    "table": "MetricsRow"
                }
            },
            "dependsOn": [
                "[concat(variables('factoryId'), '/linkedServices/AzureSqlDatabase1')]"
            ]
        },
        {
            "name": "[concat(parameters('factoryName'), '/AzureSqlTable2')]",
            "type": "Microsoft.DataFactory/factories/datasets",
            "apiVersion": "2018-06-01",
            "properties": {
                "linkedServiceName": {
                    "referenceName": "AzureSqlDatabase2",
                    "type": "LinkedServiceReference"
                },
                "annotations": [],
                "type": "AzureSqlTable",
                "schema": [],
                "typeProperties": {
                    "schema": "dbo",
                    "table": "MetricsRow"
                }
            },
            "dependsOn": [
                "[concat(variables('factoryId'), '/linkedServices/AzureSqlDatabase2')]"
            ]
        },
        {
            "name": "[concat(parameters('factoryName'), '/DelimitedText1')]",
            "type": "Microsoft.DataFactory/factories/datasets",
            "apiVersion": "2018-06-01",
            "properties": {
                "linkedServiceName": {
                    "referenceName": "AzureBlobStorage1",
                    "type": "LinkedServiceReference"
                },
                "annotations": [],
                "type": "DelimitedText",
                "typeProperties": {
                    "location": {
                        "type": "AzureBlobStorageLocation",
                        "container": "mn8-data"
                    },
                    "columnDelimiter": ",",
                    "escapeChar": "\\",
                    "firstRowAsHeader": true,
                    "quoteChar": "\""
                },
                "schema": []
            },
            "dependsOn": [
                "[concat(variables('factoryId'), '/linkedServices/AzureBlobStorage1')]"
            ]
        },
        {
            "name": "[concat(parameters('factoryName'), '/2022_parquet_data')]",
            "type": "Microsoft.DataFactory/factories/datasets",
            "apiVersion": "2018-06-01",
            "properties": {
                "linkedServiceName": {
                    "referenceName": "AzureBlobStorage1",
                    "type": "LinkedServiceReference"
                },
                "annotations": [],
                "type": "Parquet",
                "typeProperties": {
                    "location": {
                        "type": "AzureBlobStorageLocation",
                        "folderPath": "UI/2025-07-24_172815_UTC/data/date_year=2022",
                        "container": "azureml"
                    },
                    "compressionCodec": "snappy"
                },
                "schema": [
                    {
                        "name": "device_id",
                        "type": "UTF8"
                    },
                    {
                        "name": "device_name",
                        "type": "UTF8"
                    },
                    {
                        "name": "device_type",
                        "type": "UTF8"
                    },
                    {
                        "name": "site_id",
                        "type": "UTF8"
                    },
                    {
                        "name": "site_name",
                        "type": "UTF8"
                    },
                    {
                        "name": "site_ac_capacity",
                        "type": "DOUBLE"
                    },
                    {
                        "name": "event_utc_time",
                        "type": "INT96"
                    },
                    {
                        "name": "event_local_time",
                        "type": "INT96"
                    },
                    {
                        "name": "metric",
                        "type": "UTF8"
                    },
                    {
                        "name": "value",
                        "type": "FLOAT"
                    }
                ]
            },
            "dependsOn": [
                "[concat(variables('factoryId'), '/linkedServices/AzureBlobStorage1')]"
            ]
        },
        {
            "name": "[concat(parameters('factoryName'), '/whole_parquet_data')]",
            "type": "Microsoft.DataFactory/factories/datasets",
            "apiVersion": "2018-06-01",
            "properties": {
                "linkedServiceName": {
                    "referenceName": "AzureBlobStorage1",
                    "type": "LinkedServiceReference"
                },
                "annotations": [],
                "type": "Parquet",
                "typeProperties": {
                    "location": {
                        "type": "AzureBlobStorageLocation",
                        "folderPath": "UI/2025-07-24_172815_UTC/data",
                        "container": "azureml"
                    },
                    "compressionCodec": "snappy"
                },
                "schema": [
                    {
                        "name": "device_id",
                        "type": "UTF8"
                    },
                    {
                        "name": "device_name",
                        "type": "UTF8"
                    },
                    {
                        "name": "device_type",
                        "type": "UTF8"
                    },
                    {
                        "name": "site_id",
                        "type": "UTF8"
                    },
                    {
                        "name": "site_name",
                        "type": "UTF8"
                    },
                    {
                        "name": "site_ac_capacity",
                        "type": "DOUBLE"
                    },
                    {
                        "name": "event_utc_time",
                        "type": "INT96"
                    },
                    {
                        "name": "event_local_time",
                        "type": "INT96"
                    },
                    {
                        "name": "metric",
                        "type": "UTF8"
                    },
                    {
                        "name": "value",
                        "type": "FLOAT"
                    },
                    {
                        "name": "date_year",
                        "type": "UTF8"
                    }
                ]
            },
            "dependsOn": [
                "[concat(variables('factoryId'), '/linkedServices/AzureBlobStorage1')]"
            ]
        },
        {
            "name": "[concat(parameters('factoryName'), '/inverter_data')]",
            "type": "Microsoft.DataFactory/factories/datasets",
            "apiVersion": "2018-06-01",
            "properties": {
                "linkedServiceName": {
                    "referenceName": "AzureBlobStorage1",
                    "type": "LinkedServiceReference"
                },
                "annotations": [],
                "type": "Parquet",
                "typeProperties": {
                    "location": {
                        "type": "AzureBlobStorageLocation",
                        "folderPath": "inverter_data",
                        "container": "azureml"
                    },
                    "compressionCodec": "snappy"
                },
                "schema": [
                    {
                        "name": "device_id",
                        "type": "UTF8"
                    },
                    {
                        "name": "device_name",
                        "type": "UTF8"
                    },
                    {
                        "name": "device_type",
                        "type": "UTF8"
                    },
                    {
                        "name": "site_id",
                        "type": "UTF8"
                    },
                    {
                        "name": "site_name",
                        "type": "UTF8"
                    },
                    {
                        "name": "site_ac_capacity",
                        "type": "DOUBLE"
                    },
                    {
                        "name": "event_utc_time",
                        "type": "INT96"
                    },
                    {
                        "name": "event_local_time",
                        "type": "INT96"
                    },
                    {
                        "name": "metric",
                        "type": "UTF8"
                    },
                    {
                        "name": "value",
                        "type": "FLOAT"
                    }
                ]
            },
            "dependsOn": [
                "[concat(variables('factoryId'), '/linkedServices/AzureBlobStorage1')]"
            ]
        },
        {
            "name": "[concat(parameters('factoryName'), '/blodtosql')]",
            "type": "Microsoft.DataFactory/factories/pipelines",
            "apiVersion": "2018-06-01",
            "properties": {
                "activities": [
                    {
                        "name": "Copy data1",
                        "type": "Copy",
                        "dependsOn": [],
                        "policy": {
                            "timeout": "0.12:00:00",
                            "retry": 0,
                            "retryIntervalInSeconds": 30,
                            "secureOutput": false,
                            "secureInput": false
                        },
                        "userProperties": [],
                        "typeProperties": {
                            "source": {
                                "type": "ParquetSource",
                                "storeSettings": {
                                    "type": "AzureBlobStorageReadSettings",
                                    "recursive": true,
                                    "wildcardFileName": "*.parquet",
                                    "enablePartitionDiscovery": false
                                },
                                "formatSettings": {
                                    "type": "ParquetReadSettings"
                                }
                            },
                            "sink": {
                                "type": "AzureSqlSink",
                                "writeBehavior": "insert",
                                "sqlWriterUseTableLock": false,
                                "tableOption": "autoCreate",
                                "disableMetricsCollection": false
                            },
                            "enableStaging": false,
                            "translator": {
                                "type": "TabularTranslator",
                                "typeConversion": true,
                                "typeConversionSettings": {
                                    "allowDataTruncation": true,
                                    "treatBooleanAsNumber": false
                                }
                            }
                        },
                        "inputs": [
                            {
                                "referenceName": "whole_parquet_data",
                                "type": "DatasetReference",
                                "parameters": {}
                            }
                        ],
                        "outputs": [
                            {
                                "referenceName": "AzureSqlTable2",
                                "type": "DatasetReference",
                                "parameters": {}
                            }
                        ]
                    }
                ],
                "policy": {
                    "elapsedTimeMetric": {}
                },
                "annotations": [],
                "lastPublishTime": "2025-07-29T11:59:36Z"
            },
            "dependsOn": [
                "[concat(variables('factoryId'), '/datasets/whole_parquet_data')]",
                "[concat(variables('factoryId'), '/datasets/AzureSqlTable2')]"
            ]
        },
        {
            "name": "[concat(parameters('factoryName'), '/label_failure_session')]",
            "type": "Microsoft.DataFactory/factories/dataflows",
            "apiVersion": "2018-06-01",
            "properties": {
                "type": "MappingDataFlow",
                "typeProperties": {
                    "sources": [
                        {
                            "dataset": {
                                "referenceName": "whole_parquet_data",
                                "type": "DatasetReference"
                            },
                            "name": "dataset"
                        }
                    ],
                    "sinks": [
                        {
                            "dataset": {
                                "referenceName": "DelimitedText1",
                                "type": "DatasetReference"
                            },
                            "name": "sink1"
                        }
                    ],
                    "transformations": [
                        {
                            "name": "select1"
                        },
                        {
                            "name": "filter1"
                        },
                        {
                            "name": "aggregate1"
                        },
                        {
                            "name": "join1"
                        },
                        {
                            "name": "filter2"
                        },
                        {
                            "name": "sort1"
                        },
                        {
                            "name": "select2"
                        },
                        {
                            "name": "select3"
                        }
                    ],
                    "scriptLines": [
                        "source(output(",
                        "          device_id as string,",
                        "          device_name as string,",
                        "          device_type as string,",
                        "          site_id as string,",
                        "          site_name as string,",
                        "          site_ac_capacity as double,",
                        "          event_utc_time as timestamp,",
                        "          event_local_time as timestamp,",
                        "          metric as string,",
                        "          value as float,",
                        "          date_year as string",
                        "     ),",
                        "     allowSchemaDrift: true,",
                        "     validateSchema: false,",
                        "     ignoreNoFilesFound: false,",
                        "     format: 'parquet') ~> dataset",
                        "dataset select(mapColumn(",
                        "          device_name,",
                        "          device_type,",
                        "          event_local_time,",
                        "          metric,",
                        "          value",
                        "     ),",
                        "     skipDuplicateMapInputs: true,",
                        "     skipDuplicateMapOutputs: true) ~> select1",
                        "select1 filter(device_type==\"Inverter\" && metric=='AC_POWER.MEASURED') ~> filter1",
                        "filter1 aggregate(groupBy(event_local_time),",
                        "     value = sum(value)) ~> aggregate1",
                        "select2, filter1 join(total_power_local_time == event_local_time,",
                        "     joinType:'right',",
                        "     matchType:'exact',",
                        "     ignoreSpaces: false,",
                        "     broadcast: 'auto')~> join1",
                        "join1 filter(total_power>0 && value==0) ~> filter2",
                        "filter2 sort(asc(device_name, true),",
                        "     asc(event_local_time, true)) ~> sort1",
                        "aggregate1 select(mapColumn(",
                        "          total_power_local_time = event_local_time,",
                        "          total_power = value",
                        "     ),",
                        "     skipDuplicateMapInputs: true,",
                        "     skipDuplicateMapOutputs: true) ~> select2",
                        "sort1 select(mapColumn(",
                        "          event_local_time,",
                        "          device_name,",
                        "          total_ac_power = total_power,",
                        "          inverter_ac_power = value",
                        "     ),",
                        "     skipDuplicateMapInputs: true,",
                        "     skipDuplicateMapOutputs: true) ~> select3",
                        "select3 sink(allowSchemaDrift: true,",
                        "     validateSchema: false,",
                        "     skipDuplicateMapInputs: true,",
                        "     skipDuplicateMapOutputs: true) ~> sink1"
                    ]
                }
            },
            "dependsOn": [
                "[concat(variables('factoryId'), '/datasets/whole_parquet_data')]",
                "[concat(variables('factoryId'), '/datasets/DelimitedText1')]"
            ]
        },
        {
            "name": "[concat(parameters('factoryName'), '/extract_inverter_data')]",
            "type": "Microsoft.DataFactory/factories/dataflows",
            "apiVersion": "2018-06-01",
            "properties": {
                "type": "MappingDataFlow",
                "typeProperties": {
                    "sources": [
                        {
                            "dataset": {
                                "referenceName": "whole_parquet_data",
                                "type": "DatasetReference"
                            },
                            "name": "source1"
                        }
                    ],
                    "sinks": [
                        {
                            "dataset": {
                                "referenceName": "inverter_data",
                                "type": "DatasetReference"
                            },
                            "name": "sink1"
                        }
                    ],
                    "transformations": [
                        {
                            "name": "select1"
                        },
                        {
                            "name": "filter1"
                        },
                        {
                            "name": "select2"
                        },
                        {
                            "name": "sort1"
                        },
                        {
                            "name": "pivot1"
                        }
                    ],
                    "scriptLines": [
                        "source(output(",
                        "          device_id as string,",
                        "          device_name as string,",
                        "          device_type as string,",
                        "          site_id as string,",
                        "          site_name as string,",
                        "          site_ac_capacity as double,",
                        "          event_utc_time as timestamp,",
                        "          event_local_time as timestamp,",
                        "          metric as string,",
                        "          value as float,",
                        "          date_year as string",
                        "     ),",
                        "     allowSchemaDrift: true,",
                        "     validateSchema: false,",
                        "     ignoreNoFilesFound: false,",
                        "     format: 'parquet') ~> source1",
                        "source1 select(mapColumn(",
                        "          device_name,",
                        "          device_type,",
                        "          event_local_time,",
                        "          metric,",
                        "          value",
                        "     ),",
                        "     skipDuplicateMapInputs: true,",
                        "     skipDuplicateMapOutputs: true) ~> select1",
                        "select1 filter(device_type==\"Inverter\") ~> filter1",
                        "filter1 select(mapColumn(",
                        "          device_name,",
                        "          event_local_time,",
                        "          metric,",
                        "          value",
                        "     ),",
                        "     skipDuplicateMapInputs: true,",
                        "     skipDuplicateMapOutputs: true) ~> select2",
                        "pivot1 sort(asc(event_local_time, true),",
                        "     asc(device_name, true)) ~> sort1",
                        "select2 pivot(groupBy(event_local_time,",
                        "          device_name),",
                        "     pivotBy(metric),",
                        "     {} = first(value),",
                        "     columnNaming: 'metric.$V$N',",
                        "     lateral: false) ~> pivot1",
                        "sort1 sink(allowSchemaDrift: true,",
                        "     validateSchema: false,",
                        "     input(",
                        "          device_id as string,",
                        "          device_name as string,",
                        "          device_type as string,",
                        "          site_id as string,",
                        "          site_name as string,",
                        "          site_ac_capacity as double,",
                        "          event_utc_time as timestamp,",
                        "          event_local_time as timestamp,",
                        "          metric as string,",
                        "          value as float",
                        "     ),",
                        "     format: 'parquet',",
                        "     skipDuplicateMapInputs: true,",
                        "     skipDuplicateMapOutputs: true) ~> sink1"
                    ]
                }
            },
            "dependsOn": [
                "[concat(variables('factoryId'), '/datasets/whole_parquet_data')]",
                "[concat(variables('factoryId'), '/datasets/inverter_data')]"
            ]
        },
        {
            "name": "[concat(parameters('factoryName'), '/label_failure_session')]",
            "type": "Microsoft.DataFactory/factories/pipelines",
            "apiVersion": "2018-06-01",
            "properties": {
                "activities": [
                    {
                        "name": "label_failure_session",
                        "type": "ExecuteDataFlow",
                        "dependsOn": [],
                        "policy": {
                            "timeout": "0.12:00:00",
                            "retry": 0,
                            "retryIntervalInSeconds": 30,
                            "secureOutput": false,
                            "secureInput": false
                        },
                        "userProperties": [],
                        "typeProperties": {
                            "dataflow": {
                                "referenceName": "label_failure_session",
                                "type": "DataFlowReference",
                                "parameters": {},
                                "datasetParameters": {
                                    "dataset": {},
                                    "sink1": {}
                                }
                            },
                            "staging": {},
                            "compute": {
                                "coreCount": 8,
                                "computeType": "General"
                            },
                            "traceLevel": "Fine"
                        }
                    }
                ],
                "policy": {
                    "elapsedTimeMetric": {}
                },
                "annotations": [],
                "lastPublishTime": "2025-07-29T12:12:08Z"
            },
            "dependsOn": [
                "[concat(variables('factoryId'), '/dataflows/label_failure_session')]"
            ]
        },
        {
            "name": "[concat(parameters('factoryName'), '/extract_inverter_data')]",
            "type": "Microsoft.DataFactory/factories/pipelines",
            "apiVersion": "2018-06-01",
            "properties": {
                "activities": [
                    {
                        "name": "extract_inverter_data",
                        "type": "ExecuteDataFlow",
                        "dependsOn": [],
                        "policy": {
                            "timeout": "0.12:00:00",
                            "retry": 0,
                            "retryIntervalInSeconds": 30,
                            "secureOutput": false,
                            "secureInput": false
                        },
                        "userProperties": [],
                        "typeProperties": {
                            "dataflow": {
                                "referenceName": "extract_inverter_data",
                                "type": "DataFlowReference",
                                "parameters": {},
                                "datasetParameters": {
                                    "source1": {},
                                    "sink1": {}
                                }
                            },
                            "staging": {},
                            "compute": {
                                "coreCount": 8,
                                "computeType": "General"
                            },
                            "traceLevel": "Fine"
                        }
                    }
                ],
                "policy": {
                    "elapsedTimeMetric": {}
                },
                "annotations": [],
                "lastPublishTime": "2025-07-29T15:07:45Z"
            },
            "dependsOn": [
                "[concat(variables('factoryId'), '/dataflows/extract_inverter_data')]"
            ]
        }
    ]
}