{
    "$schema": "http://schema.management.azure.com/schemas/2015-01-01/deploymentTemplate.json#",
    "contentVersion": "1.0.0.0",
    "parameters": {
        "factoryName": {
            "type": "string",
            "metadata": "Data Factory 名稱",
            "defaultValue": "libao"
        },
        "AzureBlobStorage1_connectionString": {
            "type": "secureString",
            "metadata": "'AzureBlobStorage1' 的 'connectionString' 安全字串"
        },
        "AzureSqlDatabase1_properties_typeProperties_server": {
            "type": "string",
            "defaultValue": "capstone-mn8.database.windows.net"
        },
        "AzureSqlDatabase1_properties_typeProperties_database": {
            "type": "string",
            "defaultValue": "mn8_data"
        },
        "AzureSqlDatabase2_properties_typeProperties_server": {
            "type": "string",
            "defaultValue": "capstone-mn8.database.windows.net"
        },
        "AzureSqlDatabase2_properties_typeProperties_database": {
            "type": "string",
            "defaultValue": "mn8_data"
        },
        "containerUri": {
            "type": "string",
            "metadata": "包含連結 ARM 範本的儲存體帳戶 URI"
        },
        "containerSasToken": {
            "type": "string",
            "metadata": "包含連結 ARM 範本的儲存體帳戶 SAS 權杖"
        }
    },
    "variables": {
        "factoryId": "[concat('Microsoft.DataFactory/factories/', parameters('factoryName'))]"
    },
    "resources": [
        {
            "name": "libao_ArmTemplate_0",
            "type": "Microsoft.Resources/deployments",
            "apiVersion": "2024-03-01",
            "properties": {
                "mode": "incremental",
                "templateLink": {
                    "uri": "[concat(parameters('containerUri'), '/ArmTemplate_0.json', parameters('containerSasToken'))]",
                    "contentVersion": "1.0.0.0"
                },
                "parameters": {
                    "factoryName": {
                        "value": "[parameters('factoryName')]"
                    },
                    "AzureBlobStorage1_connectionString": {
                        "value": "[parameters('AzureBlobStorage1_connectionString')]"
                    },
                    "AzureSqlDatabase1_properties_typeProperties_server": {
                        "value": "[parameters('AzureSqlDatabase1_properties_typeProperties_server')]"
                    },
                    "AzureSqlDatabase1_properties_typeProperties_database": {
                        "value": "[parameters('AzureSqlDatabase1_properties_typeProperties_database')]"
                    },
                    "AzureSqlDatabase2_properties_typeProperties_server": {
                        "value": "[parameters('AzureSqlDatabase2_properties_typeProperties_server')]"
                    },
                    "AzureSqlDatabase2_properties_typeProperties_database": {
                        "value": "[parameters('AzureSqlDatabase2_properties_typeProperties_database')]"
                    }
                }
            },
            "dependsOn": []
        }
    ]
}